3ceb2f1358ed26128745c52d0a134e7acc1b9f1f.png,txw2q
ed4a146c6384d51adb92b95f9e97e341cc78761d.png,gf86h
c687daab017c6470a1998114006d24ca3c543673.png,rfucp
a119eb2e53e6d081560977edf7367e3108845e04.png,kokk2
f95a17b6f7b260eacafc3857db115987630b3864.png,x9p17
e7bc3aa0397120ee0ec5e31b3a8a1b2aa1e40e38.png,5e196
1f23201f0a337440a3e8a38343cade25e331db56.png,1cn3f
b825503fbdec985b1c11acc4d87d46ae8aea7fb0.png,l967f
9991b21a98244b92ef8698515ed4f766d5c5dfd1.png,qvn6t
4fb49815cdb1debb4c91421cfc502256762245a7.png,z8dsi
2b5160c25d0ad09e90a33a9965e721b331b25932.png,9ypc7
60d179d5b97c5a8e212103044d6a51bf8a90d569.png,a454p
409b4ac8cecc74edfd7e7e79750e2f229f5e7547.png,dwwyt
49246ffa0329dc605e251c4d61dc30a13291944f.png,7ovwl
1c80dfa2075a8f483acb3a2a830e38722e09a0d8.png,duhu1
51e5ce5532bba2548e15ea333754a1a392fbcd47.png,7lpfr
0730a29198e1162a7083ae3484c7e91eeba299cd.png,7r5ow
ee37184a0c52c905b93925b1318e4657a275d838.png,ddm22
a1e2b00ebdf7f05caa136acd3c90c0e6194df9a7.png,z55vs
94a51ce9ed4c7802c1ee59f605d704fcbf7605e6.png,zs1of
7e3dae51dfa5c9ceffd4c54a87f2fc37ab6295ba.png,xe3kc
f4fc79d9551f52b6d55c491bd16a3548e2c224b3.png,13oxb
d051dc1a013703e267db468a9373f1f5a0e6f07b.png,31sps
d571428ebe4bb9b73035177efd221de0c232b9d2.png,80lbp
c1f5fb09b55142bb404aba3728ebf4837a6bf98b.png,5cs0e
1f6e6c6365cf7b7e5cda1cdcf4c1905385d5d972.png,acysq
aeee2d104659e8fe7b371f25b42ff05840323a07.png,xmxep
3234a929cc3491567a1bf9af0150879d1b281b1f.png,p5quu
c3c7d9ad667f42715216dc818227d5e6edde50d2.png,abvbh
f9f475349959cffe38fd9501ff6441b5601975a8.png,rviz5
db28ee0006dc233200838e026e3e511a09524024.png,v55ir
c1d332aa35cad58c077b7b4228c6c7cdf5f75727.png,lzzfu
5d69d9c34c69eee9753dc673d83c66f3cd6efd9c.png,7hx19
f9d5bad282e79eb96f7dd98d0ab51b7451c72503.png,a0825
6985dd0973ab5f4c349957631e65c552002267f8.png,1c41p
a00e51782702db3271deef9980b84e84695a629c.png,nv65j
f4699c65d375a893baabf588957181fa6d249c7a.png,k317m
9d7b6354beb1e3e3292d14e77ad3cda3c2bab402.png,fptgx
abef081bd97b87f435ff3ef654cc2cd6c47b259e.png,tvj3j
44e640625bfc52bb5786a1be621aed3ebfeb1651.png,0ulev
5febf42812b7f7dd0be6b2c7dd5f622161a8d6d8.png,sann2
d4a0519cb52f0fcc12833b79934b3aaf286a366c.png,46tl6
23d77556afc4724a738daf2c1ae7d21a01161b0f.png,otoki
f76acee2dff45eac4ae178c24bbbc3bcb32d775f.png,3557y
6436c4e734d37ae3847f3738caedbc2af50fbb10.png,87f6b
89474e3a048d13598cca4627b1f737ad0af17393.png,bqfnf
6a3a6dbfd7bad8a7ca0f49d65f9dfa782b83bafe.png,l3hmc
6b6d78d1c00ce43be99eb819c2ad02a5a1ff2b01.png,0hioo
8c4fc7c76e9b7c7df73fc626f8b1c3d23bbb8353.png,zghmm
f42d121dbacb6623b74c4b584b4bf3a0c7faffc1.png,9yir8
791e21dc58ff47859dc1cfde8ab997099ffddcaf.png,h0wd5
83d9f2a0a58955d692c2e0cf3b39ca494ba7d17e.png,p1666
0cc1fd394e3cefb50434609949f86f140dd408f0.png,4dzfj
7c891535f31ffc4288def1db6b801d5192af68c0.png,e5e5e
59986591033489717773c83578fedcd9016914c2.png,f6pj6
1b609921be5834dccbed70208339e2e8b850c400.png,yid6w
aa6fa9ca6aedb0825a809e14f397b775fb7b9f36.png,20z7t
17dd708c0e58fe8cf77d1bcd4d16efad8d3f8e28.png,145rk
56d333c17e6f19d0ceada81c3411d665daf31c8f.png,r6130
ea03d67a13da7f61a9439d6c9ed83562ded8dcfa.png,c6j60
b960c6c24cfc7a5a0472bf183107e0ba85b464b3.png,dyf4s
96b492df8c01a097b53b29970cfd7ddc19e766b0.png,keiyh
757da3286a99cf2615938b213663600947a3f271.png,p8p0f
5dade3a297c0abb624b171567efd8d0097603135.png,ae92e
39ae854091da6b038c34ca0b0eb8571408cf64d8.png,3fsim
52455d47093020acfdcbf36106d90eced33019d1.png,xzht7
2a5038ba5293082c8baaaa55b5102baa21b988b9.png,6lppg
39181e2647fbde9bfd4827a3b4b87c4d14412394.png,q5klz
e8f6bfe3beb117bb9f658730c7a4673163de94b8.png,qhkvc
23e11e3128a3904dfb1618eae4cafb01252d447f.png,6jl53
d2a0d3470459580d15ebcbea3e4d51d6f8d95867.png,9irib
e0e04f1c85819a187e27ffaebf0ff722b58a219c.png,lcs69
2b6e27374ce542edbcf62cb8f9b43dbcf06420d8.png,o284h
2f3cf9a601c5c00d8413d930cfa0b701c2407fc2.png,w2jdn
acb6ea1cf373bfa7ff63202dcdce18a595c0239a.png,glqk3
fa5f4bc3a7e88e449c7710e07ec1c9dbf69eae09.png,0d0gu
af0fbd58696776fb024fb23c89ab21fa28f3daef.png,gfx75
f7fc8fab95bef963bc5399d00a91a89c4f981b39.png,rssrk
a52a93863bf15adbe25b8baa607f02896c0db98c.png,fqrcd
1e01e0797e5f375c24329686382997c78dbb7796.png,2dyus
30aab55632d439705f3a29ed90e4eec32d218b66.png,5e06o
c2bf96d6de97710d8fd9d7c1c63e296de3e98deb.png,sa0n5
88dc7623957426256b0cd54ffd9e57293fe2e01c.png,tq8s4
1199ae2356836bf1c1b2ca7c5db40e5f25e2034f.png,ry0i4
9fed6d4094fa76469fa411a1721720bc613e2c25.png,41s5r
950ae6f8f5e1de788c964c9fcc0dbefcde5c88d2.png,v5fes
21a973e4aad6142ebe2264e131fd048d8ee9c491.png,3fnns
90a3184bc03fd947959ee736f14503cf1b82a21d.png,j4d53
b0a4cd526b2dd57d50af6a5631ed44fa5c69164a.png,q9r7i
9cc65a803f7845543a82cc724528a35d25d262b7.png,vvaoz
28b5186f09a743316e094b0a16b255a5cb102044.png,anv7x
a3c068292f5068a7416db3dfa125c1f1f8270c82.png,x8p2b
118de651e3ba33325be3543d0090e82d96775625.png,gu4wb
3a36158f1f03b1bbb3ec20b269898d846b9a939f.png,pyg80
2db85a53b349ef99306acc9b3d9866189c9204e6.png,4nhey
5011d583d3d7e9a627fe23f1700349aa4164f660.png,35aq6
815fa7e6333156522e31bd019222808de25101b5.png,oan4a
196d08141d5693b8bb8df2ea74ffb29c6362ecfe.png,ac4z2
dc78e0b0adaaa7dab58ae2c5a97d70ecd82a214b.png,dh1eb
ff1de9ec692be1ce71b57e5e2f92cc3d9875d1f8.png,xh72b
8f811af85e5971447fbcde3cd8a9021c60c3e56b.png,agva2
7a176506749f691a1a697121205b08eddc15850a.png,p58h7
3723376b9c8d8f4fec59e8754d03ff892bdfeb45.png,1r9hf
6d5ba6ed49a905aab5dc6eaaee34767d9b3b959b.png,igln9
f4575d4e45951a88426ce3ecea20b029d6f6fbb4.png,preog
569c26feb96f910f4ad2dec43f84220f786407f4.png,rzbpd
61b2c9e6f1c0d3413e96c9a932914c2b283a1a4c.png,t5r7t
e704cc254c2c0583e1b05cb369e9dc456e9c1e26.png,etvsh
de7483c804a6cf7cec308627d1bef78efcdbdcd1.png,pkk1t
aa498e32a890226f05df1524a271686c664e5862.png,vo8c0
0a004b669e56dc7234cd3724fbed1e35773a8471.png,1h19j
83be6eaf80e6d85dcc82e0e56552cd04cd30fa07.png,grqlb
cd04f00989c312005a6c19cbbd0a820dab1d3af7.png,dupq3
86671887efa3f3936861d9410d0e3e3db2a344fc.png,qr7hp
7ff10429214da198ac03851986bbcb9d62714ba2.png,onvj2
b9bb9b339952c921c123026e70f97f1898d26759.png,m5mvn
3d309e806c6f96c50381ddfe1d82aeb2dd8d2ccc.png,zb8yw
a76c0ca9216cddd3cb7f6585501f54cf552112a0.png,egrnn
302e4d3bf513d178456c161bea7a24d35a941373.png,6h9pq
00e8b0ce5fe5c975012be227396e58d2964f3913.png,y8xnj
75f114ae2028e4d847354c8b6cb5a4e9a63e5be6.png,fl5z3
5690c4a5eb241f1f0dc786ef71c9bb84c67f63a1.png,rrsrt
d8f58e152234f4a95ffec8fce1a75635e43f94bf.png,3dd5i
48b1f19dfc6582247248a391824790a6b5efbfe7.png,cdd4v
062507d77a0c0d0244c46f5a58b8cc090e83c8a0.png,rucdt
0e31fd0397c2922dbfcfd2317b1c733c64d087de.png,m9isw
3ed826e9cf6997bb4ac053eb56a28fd13a0792c3.png,9ni2b
e4da927fd962f01d7ae9629a497fb831dd5a07f0.png,anbt1
89238accc88c0f3c47413b51b30d4f4cb7e38785.png,f3s6c
13053610971b075d218e0054672dd66d7ab33f94.png,16xq0
b9356275df00d3d82f094f2eb9978d4878237c1d.png,78dji
883d78b393259dc6bc2e9dfee0d034ed6bd167c4.png,rczmh
08284c21f2e25679acf29d27b0a733783f4cdc64.png,x8m46
9dcd32e550743076273b176e9199001356a412c8.png,xqyig
1753635f3467c581a9b5ac2d98f462049613c93c.png,gdjql
36fe3d8901785342224a8acac7343457ed361b40.png,ivx18
3cb8d84f08ef54e9a9e8c005b8d68aa08fef397d.png,mp8ck
d57f0347920e02b24294a0daac60b5ff6d2afd3a.png,tbbor
30692051798fbe0377a9538ad3e3bf9b85c09a6c.png,6q7dv
dae5fa0196afc846a9b0458d14e9f18e8a4e8ffa.png,rv5d2
1ce6899881bdbc30ab3da6d702007be0af58adba.png,4zd6w
4877dcd5c833673d718cd825452d9f7ea6409cd4.png,ab8v1
feee0dca5da7ed9a39bcea2ffcbd6cee2e28a932.png,97hv9
112caa8778e5542addc4ca63ffcc4dfbb5bae4c2.png,7hj82
b930768c96e231965ec363e35b91fdbc6e10dbd8.png,k8vkn
2d51d4695f17e5a2c98dee164816e7881e31f949.png,vd47g
3d38e95683cb7fc16eefbbcbb650a35ab3aeaf35.png,x9v41
8be330c03f98610096984d455f935e0abc1a3a2c.png,hsnec
b2a530255cc83770dbcbd4858bbac4c8bd808fe6.png,vmhwo
7b160972077753d68f0705a27ad755823a5b442c.png,fwtsm
3d3a6fd6523ec0d653017d8861392c38a5de5d4f.png,oalxq
fae252aaa6143bc819b84b94b33791a053e63e24.png,om7ds
248c212fd338dbb67d3b1eb8ba66ae4a631c3211.png,ohnbw
c289f7788b1a3fd238b8697b1c9bd0df18bd196d.png,mskca
3d2b538807665c17e39973c67600fef0c522ec84.png,cehx5
216e27ce1eee970be6dd8b21e505e043cd92828b.png,idneh
9ab2159be4e6aef8db76735eabd58894ffa1349b.png,0inec
0d2006d3616eb621b90656c9d48de4d102a4013f.png,gdzoc
d33aeb07e0fc4191d42229ac9aefc1d417f933db.png,vry3x
77c99338661669f62084010ad0327c2881553a8b.png,vwf7l
d0e42495b80c9bdca5b379a8c1ab75500ccf5bae.png,i2o4z
94953a9727b29fa508945a5454634bc2954c037e.png,w3x63
477f24d060c6db482932611041312588e791f1b1.png,bzdgd
fc0281528e29147a683d78fe23e652e0190a8745.png,g7lc3
52439726eb35bf22f72607169c74bf0daaa5534e.png,1jpmk
1e5c714a6ec4b82fc622e75e4539d266ac6a6818.png,t7kg6
b236e5a554781a091bd31d0e0f21bb3090f60597.png,bzale
fe4ebe3f0213b94e93924a92e1c16db694fb4378.png,kuug4
97745c6c9c10749a3898411414fdaf52278c9fc4.png,mqz4o
2408990a406091c166ce1404189fd0458bf2180c.png,so96j
99a36a8ccb3064feba26f9bb0283f234cb4e40bb.png,pgc3w
f4e971668c5af1975b3a9b2c2ddbbf465ad87f44.png,jgklc
581c9bb6b47a4bfcd10c568d22d8225db56c00c3.png,415lw
52063935c8d788846a1cfd7d9adda86f29d4e3c0.png,qtdng
5805792c84039c90bb2509b3dbaef430d348dd38.png,7s3ba
9db78b74e234bd2dd3e07d53ca2edc30f81381aa.png,hahc3
31992b494071189414529e9dfd139411a2d74c24.png,ehqu0
96ddea1ae8896a12872720e0529f8aae247b1f28.png,qm71r
638a1b2bc19f33057daba0d81b9fdc46df156b7f.png,m8iuw
3c74ac82e39f0b342aa741553ed5273359d9732f.png,39997
e3424591e7efdeb92343005b8214b5f9654e4ae7.png,rio6i
29a27d61cc7a6e5f4ca85420982c59d02c14df91.png,5ji9u
0839308313db08534d3044bbe20e5e05655ac95b.png,e9g8j
c332d2add314119b3fa54d98fc95f86b8720d089.png,t8rqh
185754ff560be2b36896b4e739d66b6d3805332b.png,sx219
7a37186f8eae90f8d7e328547212a27cfcd4ea73.png,4h7om
a55cdba1242fc53ad959a9052641657e47f3b3c5.png,ycchr
9f0ce1dbace4dae4c01f4c1f80e2e6e50b0606f3.png,2do22
3b7dcdb4f014092fd63f8111a283da6195664386.png,krdoc
106e4b842111e66d741908d279970f45f060c91a.png,21u7n
66f49bed15a0ad9a91e5ce58a947351b0bd5af37.png,j0ai8
40a8df0770b55ed6f5c0c9ff250c8678a9944ab8.png,7jcft
c4875c6b8bc7bb229baf463f5e0d60c9c4bd7265.png,7rukn
b13b036b9db4c7c441722af49b768d2429c37cc0.png,jmjwi
ee1036f29f585d5933e3512c4cc46c22becc3a36.png,ztupb
de3356159cff318164866d9a72a18f002a6ada24.png,rnbp8
b7dd7a975a7a2170148fa7129b61b96c6ef3eedd.png,ndwpu
f086fc5db15c406372d8f26ccde52b4952ac2525.png,e0zkv
72ae636cddb564c9ff9a7bcccaaee62f0a5ea0c5.png,9wo89
78fbdc6be36134e03e7f9eed99ec4016bbdc4356.png,dboeo
b3cebf747e57b0bc0798f9ee0121ef1125264235.png,prngp
e4ff4f4779fd9b58988ea51e400f2680f4c96c75.png,mgxl4
e6852584fdae670775de76c8b238e712e4823897.png,is5n6
37fcea666fdb258bb83789e44eb1642d1b897053.png,9048e
13384dd9ff0c4d2f9d3424fdc111c01ee25380f7.png,nmo5w
490e96edce564d21de02823191290fd538592216.png,at3bw
3cf6bf8d06b6cd12adae2417cc59e2bcc6244282.png,77v7z
bad66c0fcb5740efe8053b1335aa7170d504c843.png,stu6m
417efd3081ec658441e127e6eefee92966da8c5a.png,zshl7
fbb26874ac3598b1d005bcf871539847bac27e76.png,omg2n
2203ed41921a76aea38f03b45cedc6a44f3b5251.png,qlf5a
49cae29cefc4dc7841de639347e22374f00573bc.png,1zwbb
7b386bcb2af9cc52f28db707e35e18b7a7c54871.png,ek1q9
20be8d6da88f0838bd5160e7a41418dc81216fe8.png,m9cdv
dff03dd980452e31370d0288551760c296b29aa1.png,rr8va
154f5c3c6e50b05920bbe4f2574d7dc970ee1f41.png,eshvh
20e82edd0c1f9a916c13ab36bc4bfc1cce4dc77b.png,38ncc
dc09e5adcdee0ac0757ac031a1042be237a409a0.png,43vkk
929423c8b468820bb161f501552fd51c10da33d7.png,djx6m
13acdde9178587e96730e0bb9051fc3d24c20e68.png,xqq97
302daa25e21659337d7f532bbdd3e35ee116bc2f.png,v8bif
15156c56a8e2e2a826512baf3b605f5493c7052d.png,i32rw
5f8f3a4882c60ac0bf6638fd22ce8e6393b38875.png,kcyyg
09efe5b27959ffe4f80191a16d70f8b07896105b.png,nbnb7
ac9babc750720f945594358fd5f0cbfd6e4e3eb6.png,339qt
bad2016848488fd595469208b1c0eca5e111df73.png,1rpuw
1b92a570fc37be4c6fcfb966fc49f88ed5fb077a.png,1izai
3f8063caa2829d76f661e2abc914326cf73eca11.png,i9lhw
0bdb422695072b6b38530aa05835493c3e03ef73.png,c1u40
2584ab8dbf6cc04e0893c92f92d3e2f87bf00611.png,eetc0
eb238a344443b357ac9fc16a65a5af4197de91fc.png,dgzzu
90de462ea15615b38cfc5628c2b1b872c9be16b5.png,t9t44
8ecfeea60c327599f6cc20fa6b282327b40159d7.png,ssnrf
f7a64a2454da5779d2c636fd4f1b8159db48904f.png,11xzd
bd4c18cdd6a05b8e5a830163a26d2b0a84aee40a.png,dzgg8
5253699015a6440b7264a89d29e7160d1d479a81.png,867pw
756d2c56c80b3690f11b7293890bfa8eb65bfdb4.png,iwssp
f94fb7fdda21940b4e464d9f62e22fd97636ac02.png,83p3o
9ed9aeb2a4f550160e32073a94561e7a6d7af2b4.png,fvmpy
8120f55e5998b591e9e9d37d21be134c8b3e5b3e.png,nvwbt
d4a8313e550391f3d1d42b4c20e0914f334adbc9.png,mzonk
b99fcc0b876322d1d4baa4ffd944cfc99e0dff1a.png,f1x7s
aea5c64a600cda3de653e98a924db8b37d0898b4.png,ln737
f2613678288af036552ab14d5c45a1c4af758904.png,krklc
4834d3b7a1d3d4a9272bfbede7262d0f4ed8f3d7.png,6tsqy
7f6da343aedc2e55345121fadbcf287fac007d7a.png,1nzdm
e953b797354688d4f25b9ba2e1b6c18b7cb4b4d6.png,cr2hj
9cf18a5ba7c517794da28c215710fcda75fdd667.png,8rgaj
d61d9f76621e1b193f5013a44007fe5aca2fc0ab.png,h4zo0
d52aaab790dab4522aefc017e4ed4576f6f7bab2.png,7r8nb
7e815d44a13e7659d7c9efe90471a31ed52f81b5.png,v123g
0c410433b6aeca622ff88a508b4ff9578c31359d.png,bby9k
20cab908c2295e93c2cd39ec0b3ce19a3d110622.png,91t8l
9743f42c5c9f1a3167686f90360190a2015e7e76.png,8n0sd
830666a78a1abaafc9565c31bafcb496260db904.png,psiee
b5e962123d73923cc2f180715d832080c657dc0d.png,eg799
e72f6fb65a83f6df2a4d4c140f82338438690ebe.png,p0p3m
75c1d987477613b125381a1863d2efd566afb685.png,162n4
69e86638d52b29d0e71da7ae323fa48c289f4089.png,g8byk
5fabc3b8c3f643cfdcab18d5a8e8b95c2bfa76b7.png,l2non
e5027f5bd38b2636e8b38e3fdf32030ecfb2cbb9.png,fftbu
65afc70ab462eb070245a559f51d9564b2f382b4.png,6pe6r
5340744830d984826c4a720d31670ff879826578.png,rapit
1ac45b9ac0f59ba33b7379f8cf46f9b7e7c53fe6.png,cpjae
081e134d65680c6175f5e13476e391f3db2f8329.png,iblj3
9499d93cb9e1893494a11b555e3522b94cf905de.png,cfeq3
1c3d3a6d5d696e085522aa6206fa5abe6a3d6cd2.png,37z6t
82cb3b11f0837817b6caf83525088a6b33469896.png,ue7fr
0766e19ab6d9c6b5a8e1798975b22a736c7dfe2f.png,3qffr
a60d17247cf72195f259326db450d1bd3d1b90a8.png,4tyhw
3f4694ec3eb610eba60cc3d5e831ab5cdf0b11a0.png,kxvwe
d8f3ac7f4a83095f019776803da74de23a8fd59f.png,uch8k
a36b5d6388ced259ad57418f257282fe9bb4703a.png,v96rm
d9a1f288bc93d6e21e143a419361c546ba8145e8.png,6ff0o
6365e79daac0835b04258b1f0b9d91a77bb93df2.png,ixwi5
5a732082b387258b225b0d41264914d0ad2faefc.png,n39sq
79e99df758ede7a321bd1ff45be024eaf4cae623.png,i7dcz
ac8887df827dc5c8c7709d51ac2f5f667824db4d.png,lcfks
9f106424af2460b818ed6f5a895ca70c59470528.png,17x18
4b0bbe70f348a784a9a555def2d3cbe287f10839.png,trh5k
2c4cdbefd990ff51cc0ff8b9e518cecb7feac7ee.png,zs7l1
186be9c7b181e5a289fd8a0e1daf2ec7a0050c14.png,ffioz
2525534de0195ac27542778d2a31a5624e867bf1.png,tklp2
df9c6b9cc5b2d12601e7f76f51d4ec202bbf6507.png,2xovm
b6ffb5c20267a66b9fb621dfafcfda695b41b29f.png,x8ciz
29cb7de5f61ced544103bb53c70fb783ff4d8289.png,zbva6
1118f2851a93849b99563a650281fdcbeb52630e.png,jjmzz
0ec036eeba3aa4fd36179fa26d523ca93130fe1c.png,1cfxc
7ab1ec67bf69dcd6c0edffbb1f4af096f361a181.png,x77wt
43c73c89dc16ede638e45bc73c44b3aca4ce6c52.png,pazuu
9a367bc25fff3cd73bfd6abdd98ad7489d43c18f.png,vu9n6
b77f61fc56cb63985ea0856d0aff8fe7042912a3.png,chp2l
0311cfb257afb117a1b18128b3f2958a66f7b38d.png,6b55j
bf91e4a81eed8bec179ef67f56d4623f8d4abe2a.png,9y504
68f5b82c2eaa56ebe0f829b24bc18741ca81e95e.png,z00vs
dd8b4f707b76837cc7d0b2dff09a6ccc71d9e4cf.png,81q72
a191351019d8d0a88e614e9f27d16b2171010f4b.png,068lp
757d4a82e3b97392c2f3515ac704e044aa332a20.png,zemen
51b2ca793d3aec8e6347db85f5177cc13a057f63.png,70ahl
9a3267d5c8049d009421952c22d64524f807cd7d.png,4x9ic
861c620dc13a0d63398bb82df8e7cb1913ea523a.png,5ycor
343c99c60bd06319d2b78113fe0a731cac2765bc.png,atc55
07c547708ffe8f038a687a65da03d3d455610d36.png,0ni1o
31a7e20d1587d838ace3980d01cc789c5035de69.png,dqdp8
ce5eedcacd8d40ad08c8524aa3a401e25095bd6d.png,om7ci
b5fe14a7ba1166bb59ffa163a9f58185ec580b11.png,2duo4
e37ce698ae003184d7f4ed79e4423bac1afcfb52.png,4sjio
8820b7b07fd44665912c580d68dc65c481e59f60.png,3rt61
3619f8a0def433ead2f865b337a4d2e231f3bb3c.png,hom9m
f87affce3533d593652ef4ea0d5f9e12152d3aed.png,iiig5
452e1858aa15eeee2ed000b6f0530b6f1a00eabe.png,a4tqa
b35a416411995d1e62d449cd4b4e97b140e5a554.png,ntmqd
0e61b603fa579a5249333222724b5a95c09cf54a.png,i031u
01a0b0a3f571fa143cd714408d599c2ed7da0b37.png,gz4s1
a970304c989d6f96de5d8de516f8fad0261c3f0d.png,a3hwu
ba4f9b67fb5f49f975444577a79a74b341c9bf08.png,4mjan
b9989a50077ed5f1941b9565f143f2a775e5c25b.png,tg384
3a24510fb3c13182fb952b8c7228b740c4074fa5.png,qei2c
3689484050312252a47efd7228aef4775b888308.png,za3iw
4cc3b2338f9418542c61436163731b52d91343a4.png,fsw8m
f6d11eb6050257dc05e48108407d7e76bb812415.png,911rq
83faea688d593d5ad7dd6fefafa5a15e9a27d72f.png,zcjs0
9d56bebe4b2e68cfda5ae99bf247465346eddb35.png,maepo
bd2c45aca1723e9af151e50c9bbca7b3ff03c26a.png,ozskx
e653c768bd59079555c6c2813f3c4999ffbb3a12.png,0q7qc
75837771a1368b740a472fc794829644980d99fd.png,sfddv
fb88ffe3a888514f720d97856825e3240d732b83.png,12o7p
6f7cd9f19b079940b4376bd6fef3e0b2660d273f.png,8x9lp
2ff5fdc21c3eb485b9969555569516083dc9ac4c.png,x1kk5
1dae7bb0ffa3d690ce2afc8cf0d0d24d437024e3.png,utt06
1f46c0380d4f4016f6636b614831dda5cf87c3b1.png,qjcjw
eb59ad8d47c91daff649c0507cf580b338158893.png,a47iv
5888fcfb6ab34798c44e0c728d2f5d71e66556c8.png,ulm8x
64329090c3232ce5b576ff676bba9b3e6a17f6ef.png,ct1sc
9248675575cdb6ca1c4e968e53a1a8c2073f587a.png,re2m4
246ed2c8d01f372453a0631f1b65abc97f5c11f0.png,dwe75
24f8c9488e0f1b853c109bf7530c7284e3969a3a.png,lyz2w
fdd28e757a8e06cf4bea52470b4c84c8aff4eb78.png,b79y9
b57e7e1722f942af515645f64a37a888582cb634.png,9o1z5
1c05a2ffcc69d98370b0bdfc2879dc7b4cff06a2.png,vu1b9
04c152bd1c87f8410e53238f55703595f1f66fb1.png,0x8nv
261616612a5513dc7b7dc95cd6a11deda0ab00d4.png,9rodm
4184378a24f2882d2a807acd235bafdc9e5eea33.png,dxlap
00927631fb38806d5063132976b99963cf747652.png,e3w7h
52fc813e3d2137fa21da14669a04addaff51cdc1.png,a66r7
a50bdce0c70dd00e026477d541f1fb1a6ea52f88.png,sp8kc
38b557159865b976740247847f2018b8662202a0.png,1u831
66e004c98c3c969ebf3f68047c35e9185b513ad2.png,vma67
fe6eb675631c8021ddf3e994f1178cde5dd4f393.png,nqjdh
c6199b92a7c09d181e8f1de12d07da90023aab16.png,7luee
7a23b73fc6e59de47f412cfb6890b1d72f0ae845.png,ljf53
a972f1d15808dc54d14b00791d6402281f231eca.png,62544
baf3dc4e2844c0e5a2ded5b80834f6810f226e35.png,vf888
7308aab99c1597bcc5ff16186948bb8c64dece1f.png,ptcop
80d8b9c89e61c68298fa1f7022de626f11da1f6b.png,tj2b5
d05290c74cb9cf41ee930524cb3ab47d399f974e.png,38932
5ce038fb5430bf78117d95a6611fc6c9fc0fcb53.png,m6xm2
c81e17d97adf644916ed52227a7f2b3eb6fbdb06.png,eofff
d072c44facf625aafc37a566182860fbe55a71cd.png,6ee99
5374c95350acfd9aa7e7bdd9d48ff118ce63ff4c.png,kwoi2
38e65fb9b9bfc25dace0677f5182beb5fd2d51ba.png,bsyb5
40e335429c41de0dd025018432bab1842d4d606c.png,ksl0r
8e6c63f77ace15c2c95fc450e71b2f512dab0268.png,q134j
4b96a39ec3965baac8bcf3228f353b134d8d0430.png,n8yj5
178946dd47ab625e4af7968cf784befc90e3caf1.png,alnuh
21708bce761187d5fee2becc7a744b820fc9946d.png,kpfuc
15dc6776b99814a36002a5c006fdc4ad84433373.png,lb4xp
03f9c8fe936bf7235e67981a971982d3eb594c3e.png,68os6
3bd3f763210c7f8c04bbbf0b835efaf5a3b5a76f.png,8zck9
24b27d5f1292f2b536530f6fb29db2becd1c5ecc.png,ddkd2
a7d3c374343dec46db3e1e41a6617aec5e18ceaa.png,4mmvh
e31a1fc054615207d211ac86168d2ba5f020ae12.png,owe47
cdac15a1b383ba7323b8a309056386fa14e1687c.png,n1h88
29cdb3b58a2adf11302e3c3a428fb28249014397.png,zm4uu
2c85c449e35ba0a67771b0f0f7d9c3c6b169f2cf.png,l9m7u
edad30bce70ca51dd2635e8ab32630c7a7ffce54.png,ufo7z
fc5d30b8e4aba369fb2cb70dd6719ce387e6efe7.png,hf4h6
a9c49ef6492c5bed6c102f7b95076a5c85c48114.png,lk6ii
5ae4dbad004721b39852e8fbfb450531ff98b8dd.png,4imgo
c10327167375fcb7fad5f9b6df8cdfa448a47f14.png,mdte2
1e42c88e115f1516f95ba668f74112be2fba899b.png,tooiv
d8a158b6de970a0fc76a47331fdac060e478026b.png,8p64e
bab78eea56c2b058f5bd9cd8860455ac1daa6cca.png,2esos
45d1e84ef627ee345e51362d5ecfdaa435d10b77.png,5s0oq
5e60efdda134d5d9ae6275d2632d7d211e942c7e.png,5vote
b886d27144316ce18b589869fd8c5b7ef46e5bd9.png,ru665
06f238133567c12e8f5f0d202280d8a13b176aca.png,09ddg
61a47225e9fa9304a9c269c1a4db08c80420194f.png,obkzc
d48e6e3c882e84ce9ab39da1f52ac07fe2d85496.png,kexv5
c52ad3b80deb07f352c7ba2cc77111490b6be74c.png,077ad
8438fbea109dde387c185f11909a3ef9498daedb.png,2iqy3
917b4c166e02314d96bed2505dcabf4c1e106e32.png,0j94o
65d6a8514ca01a60cad2c6494da2897aff587eee.png,ky9do
9ef51adeb66442e1de0d6735445e321c8f3dbb86.png,ffg9r
3907f4572835ecd8ba52fe80730f78c0c1e4e901.png,dms5t
179fba48d14f2dc832e6aa2d3882d4d818444027.png,zzlzi
268eea1b66bf4a812996753ec3718b5e1b81a5b4.png,97xfk
2c5e1a35dc0c84ead7dc816d9be3bc3df741e7ac.png,e5p7w
4acc22fded44f5338f889fba59c7b7d7e122f2eb.png,dpdws
41a5e216d2ed79ce8bdb1c21f6eaab506edb350b.png,sjz5z
a759ba2c23f2935f5a5bfcb2c63eeea36b8f0f71.png,mjq8x
2fa8f9841417d8c3a297cdcd015a2f217b6451e5.png,e036s
a6038ad3b873585834a1d33d2d133739b33d52cc.png,unrjn
d9c8ba881ca86e51a45f1964f6a0cb35378ffc13.png,kvht2
8d62b059b97a6ee23cec280dfabb6937f6393023.png,loqjy
f1d7b3b883f4377f1694e11450dc0e3f7f82153d.png,rpeo5
b14bf4ec2fdcf00a39deddaed594d84690fc1eef.png,lelp0
0801f8ae83c72ef21edd69cfb5b61954b5a7e213.png,t7hgm
cfd33d52f60e2d4b8334766418694abd98aeaa7d.png,tos2g
8e7a8f0a1399ab4b8ce8ca4f9c213ce797530f0d.png,qlotq
cbc03bc7d88829001f0d4a3620bf653cfee1247e.png,jdsqz
4047ece65f6e9d365b1ca999bb8f17e79b2ea1f3.png,qxsxx
59e1707505fd43d77379d5c6702e7f24d7374a4d.png,2xrp2
2025279a59c3c15aa3ad3fdd76bda6e62afc21dc.png,ggoiw
15704707c154b067998080b86d573d1b266df366.png,jmg4u
5a7f906cdf70b352182a6f883c06b294ff1dda87.png,doglj
ee31427c7a9e05cb514cf3d1d3e154f22dd71c0a.png,c5pwp
bfa6141a016d6d2e6fc57e480f3ea25ed27c19ad.png,9i8an
d36fee791eab5e777895d14689e3b5d10e5e695b.png,kmwyu
29c829a4a8f9885c047a7262781f0d0f686b031c.png,hl6r4
73e60bb891fccf4f541f470d57301deb82d306c1.png,pymfm
b3e0fb6c150c31c94bd4fc526c091a23fad1443f.png,1nke8
dbc89a4dc04e24fb72d5c58af989076f7dd2994d.png,8iivg
f9d844eb523853f765abc30ee4910927a1cc7f57.png,xdj7e
6305146011357970d9da32f088d5f0c999bcd070.png,kh35o
13b64275b80b5f95e7fb4c1894bf260ea38dbcab.png,qlb3k
c07f3e9d597d764472c85d13c83a7d30683a323c.png,bxizz
b047ef9bfd3e3558e408a239f4f8379c76b03f64.png,rs437
9a712519c48f79b3dd0d485bff427c53b75479c2.png,r40tt
64ad3d29fdeed3459602dc57ac902d3abd0aaf98.png,ckpd2
df42533432af2c913ff8d5b8b25ca8873251205f.png,agqxc
be0d67e7dd0f12b115fdfb6990a9336c2ac7e644.png,iza66
86b736b5e363965843aec07a4c3088b6344a86ae.png,x2zq4
637b941a8e519ff514b7f5b9ea70f0ed830e0f6b.png,jg9cx
894b809374f8d0db6a374479432f6573d5a55507.png,z64yf
e3df9a33cf41e0656bc3f3d5c85743e610727fb9.png,aqkie
286d170cc80531b1fc84fc6d840c4dadd1b18f57.png,zq7t9
b5a840403143feaa483612b7aaa0d339be8a03f2.png,o2jza
c3e2f14cdf7f9a1397a9fc527901e55c53b0e8b3.png,wjoz7
92bede64052c8d92fefb57c20b2169183a029346.png,lygfk
7d8d88498615a39a775f2c7cc479c3d34e062cb4.png,uwctr
c816af3b6c51fe59ae163e754e79714dff393959.png,gi5rc
af4455cd1baa3ab031d9b97c1f4547d0090732e8.png,37bvs
944bea8702b64d115ad8686c237a562a725bce11.png,zn22c
6e2fddfe259e5e5eb9398ac9d63878b4c4f0938b.png,p1eu5
908495235c2056cb7bd2dc70a517f31dc9c32865.png,i5b74
fdc1333a433a4512426535230b00a449253056e9.png,b4nim
616154e4cdbf8476523bb8d3dd5e0b2b6d7d20c3.png,lx5ls
a013053ec155e05383b6c7c0c08915904894566b.png,0wpqb
0f8c1e20d7b57274292e92a4ad74d57f91c99e74.png,2eyl6
44acab9a65f272eae8ed05572100171b71f0659b.png,xqaax
7c133c087f8029b464967e9d138df739eccd89d6.png,539hp
34229c5ebbe5bdd304c2563d94dc03d0de6fbb7b.png,hgjje
5969467bbd9a8d35db804458d09c19ee00398523.png,7hna7
066ee8ed212128f7a2918fde6267ef86544eb8ba.png,vbv55
0549b8961adbdedff8ec3939b984e71fae199695.png,fxosm
435d58ff53fcda39ca6b952daf05733a0b1fe7d3.png,7sz56
4e2646183ba19ef03598d083055bf4f39f65e618.png,nu4k9
5d06276fa6d1229d8762fbda17d62f43d437ed6e.png,vggoz
0c07499d93f9ad81573d103ab06dcf1e206883ab.png,m5svp
7098369af1ec94c5062895caabdea4f0a67045f4.png,588r7
4e8d0cfee63445a6f86c82fa5f2d39ab22e40b6b.png,e4epk
ad349481d13b08634b7eb4217f34bbc41fd61170.png,17mdv
31a8de60c1b25cc3f51be38d31a22ab92c1908d6.png,vqyh3
b86c8ff3133cf49d4cae0763cfcac287a643ceb0.png,sscy2
39ec91246e64495eba4c9120da2c99de798b9034.png,f6927
c365221cca638a09545424cf8d59b714d46b4bcd.png,ghdy3
4b2ee9b7b1ee8ddecbdcd6d1862e7bc24900c169.png,sss59
c463fe827331120f242114365f8734fe97ad38fd.png,repgs
0960ef42c515b990cf6020376712e3cea44a6b70.png,oa6pj
8d418201387999dd50e717fd1f18a32f2650443b.png,tem1a
b9ca96ed3c6ed4bb88ad0045a89f2f7df5c7e2f4.png,qk4ep
485c7564933c6d98e4095906abd4e84af76b80bc.png,ja0w7
876cc611917cf172fb6d3bc83acfc2152f7c6668.png,27gtq
33623bdeba8cf6424b3fb04f13370bef306ef133.png,j7los
5b6722d39663a04a035391f1447534c052da2920.png,7dwr7
3eb55033192c4c0c5b16ca56f585cd60af84710c.png,sxdpx
20aa28be46a2f3c93ccb48351cbd9138e9c4601c.png,83xnp
02dab4a5ac9d487a722322664e57adfeef3de4b9.png,t47ur
2fe8e6d9a726deaed4d16300ed8efcf44399a0cb.png,r9zy7
3a672fb8a8581523b06655b3a98482595e04a63d.png,lqsfh
e9c0d84322d01719d94aace70ba6d42ed3094a85.png,rjjzu
e3a265dbeba5ff6d3eac6a28673963b7e2731f8a.png,4hb1j
2dca76c431564b273e9d5c9342192514464b7037.png,39wm2
b7128a2e333de33dec0295dcc4a71b7923b1a2c4.png,8l6tr
27a667e722be7eb80505d695fa247e53bd5eb20c.png,2771v
105dae5c1f46cd2110378199b0da7de68d421f3f.png,89r5h
3386bc063faac2c1053008c201ab4f5cb870640c.png,1kd64
c1def25f332b867da0ff6c93874221df5d0b6b67.png,t0lhl
31a5a5b132b63067737a108ea89cc38f5ab7338c.png,ho11u
fcbf4013ad7da70d2075f5ba9a796271c0883ea1.png,dkrk3
3721c916ad23884b257955c5cace782de56a0940.png,ree8e
1a52355728357e6527513c1e5428e107182b143d.png,lf52m
82bfe1cb8387bd5ccfd6e4e1653b8599c078b205.png,sikxi
407d1c4b84438658508181843f0ae09134a52256.png,1o1wp
3254aa788c2b8c35873f62ac1924ac8973515ea6.png,c1trp
b11366404a1a7ec8b7def005fd14a76ddbf8ae2f.png,03eax
dbf803a1c29118d79c18cdcc479409080037dad1.png,nkk43
fe4a86df4516979a8ed5aa0f497f151d4d288762.png,jreun
d90a031c3b85d520f9e8a714994605880c1149dd.png,1ho2y
eea641127cdb335199fe24b20b90f9755488340d.png,z7svv
5edea242a549dae49aa9dd9ec3d2d5c900833e91.png,q265p
65840fb9a49f9529f8da4d5a15c2031b72b7bcc3.png,8lw9f
7029ce6eea34130d9c5fe7b791429368f7ecb783.png,2tniq
b0bde1b7cfd2faae3b658f600b089d4a02873af0.png,9oojq
7a9e39f649cb0da9e587c84478e52ee0123f1f68.png,qjpgg
bacb43d823f2e99d1e7c5bca0e4e1dfa69b8916d.png,rfor9
f3832b8a4b84114bbf53639823df4767dc9449a8.png,nrk6b
d4ff4343d9a59ab78dae60a78532cd474352753f.png,5213d
120a54fc6097742aac58df8ee1534fb3ff9dc491.png,hgwl3
a9dbcdd12e8928260e18b241ff63261f36950a20.png,s7heb
64f6970af53c038cc6f472c7c359e7c1c234a64f.png,657xx
2b5ec614bafbb0d5a805db19678a939acce2b104.png,hidnd
15416822c824844bc9e46d2d6cf289e2bed2a45f.png,08omo
4db8a7bbeb679ac8293f53184b78cc6065a0260d.png,w0dxx
2b8b08e7bac2217808eb7495d18aeea361cd5b5d.png,mvbbi
e1e27a2b065b16cd964b11347a938c418a42f2a2.png,vdlnc
026954851a0ba27eb6bd316bca7be4fcb036cec9.png,nodq1
29418404d7f692f30194bc0f6bb14bf6b8b5040b.png,45ejw
1b56baa2bb92e2d88a2dcfc8eb979d4b31902bca.png,95fte
53f34edd11dbbd132f26a7ffa0f3484f178ff08b.png,bjhhu
2851bd2894250705263210409a8b6104f372500f.png,zxv4f
6f1a818aaebd09853fbd9b110dfeebf79daa411e.png,70n4j
74dc8168e119f5b230cf926ed76e1d46875d8aa0.png,70spz
497babd342e854bf6de141a7b75d6f84f62c41d6.png,jg75s
0486dd7927341a9d5497493b9e9f6f864ea1a22f.png,vhvj7
7482e346331cb82b54d6225821a8309fd14e7f24.png,gb7xd
b791064259f2f149a20ab8c3b9920825eae7f245.png,ojj5n
17b31cf436f45238853cf4ea70b23d03156a9160.png,d8ng8
422beb1bac6ab9c56fbf1e7594c53a6b41062e71.png,6jt3p
ec7c618675bf85081e3613488f55e0955d9fb7d6.png,xgjx0
086a40c66c761a2edb7a66d7eb36d97e0473a86d.png,qyyvl
ab796e4e3de936355e1d1cf6a360151d7f399be9.png,e7vmv
1f1ebdfa575cfc07943e19851075b4870685fb14.png,p4eq6
66355903583500af16823886fdc001c33cdb46e2.png,xk0fg
1a7faa5b5ed7c4a226e454ba198c0d0204a6278e.png,ih4wq
f46ba96c4c96ec884f27552720289e3484d33e79.png,dbzts
49d206ab30be72da2094021675763f6c40c70924.png,jse4q
d14459c098ef7437e99c53e5a2dd0b7dd1769499.png,ujwpx
547e38ca05c1b69899873a02f7c9ef878401b49b.png,o55nf
bac933d2d45623523505272d2353d6c0edb4daa7.png,k468w
2ff444027e13798f7b3d5fa2bbf0f8118f088b4d.png,edpyk
e9503db3dd08f9e44aa4a108f4a34f0091d11965.png,o04h0
bf6197d54fa70b74d2179807a1733781dfc44e02.png,mdt2y
c540f58a0b97e8d9292b622c1b3fbcada4651a84.png,2t1q3
7fca54a941b38513d50f3e6cdbe342c0c4395ce2.png,tv1au
8ad24290632f3f42566c0dfd96f73349b16d809f.png,7281v
ecf4441284b98dd9b224bd0a0de50bd221cff4b0.png,cmauo
5548e4f27f22d39a911d9018c85c71e42dd1b564.png,23qvy
5d64e5f30fa376dc2db5c54b2c8a8731ed5dc7cf.png,xiyb7
3332b1973021e68ea8d8f474078d15fabe66e05b.png,op1nx
0c679791047856d676dedf90f7c9f610618d16fa.png,n6222
f1de59a6baf09e0f2d4de5a10d7a0ec3120cbb2d.png,qodn6
fff430fcde4108b6095b0d90a0640fc76febea2c.png,f2xxu
172e3a5256f1ccffd98f82222b7c2f42c9a3d30f.png,dknpu
209d306f14fd57fadb387fd96551960d509c6868.png,mvsl5
48e17215a7f8b92b96077739b6f8d407c48395bf.png,2jzhi
4e0d2b9de9f5119df37a4c6c1b935b905a2537f5.png,krdn5
bac0f97b8c09d416bc1af8748c14a1655e503596.png,he33w
f9ab5b427b360afc11630b9fc41fba922272e241.png,r5jo4
5d86cd476d5c8d716b01d52ca0ae88b0ad1e5b7f.png,e2reh
0be2814d293992bbc2e75dbe803220c6d4192241.png,3ezge
0f9842ac94ae3fa72bee5c1642e5b58fcd639cdc.png,kdwhb
ce8567c1eaab5268aba1e694c59f523418bc4f8b.png,ewi6h
a3e3451a9f8b436c74386912462c90e4dfa1db0f.png,kuoyq
426da221a62a2cccd6bfa9e6af7657d7b87c2d12.png,cklb5
f7fe1ba4475a72bb2c92a69465aadf4d874dba15.png,zhdi6
668e382b7663718aafb9d83ede0fa09d689cc235.png,7l6bf
fdbaaa5ab99a80da7c152eceb2ca8735817d4733.png,6g2pw
7071a3e27f75296111e3b50be9fdbf4196e495b6.png,6lt42
670ffee8362699b036c9104a98b1b420bf08e4fd.png,qvhh2
f790eef8321acf26ddbecf4cc409da8c58b7729b.png,9v9xf
476cca8a5858cd58a430f3f646e16261f34940a9.png,5xe9z
52c913ff042cf83a873be3898fe4ab9b7cedd6e9.png,v7avb
4615ea51e6e2b48bc2685789725671f1adce5e9c.png,37pbv
58e8cae6d64fb42af3cfc6fdc9a83fd86076e988.png,gzsmu
bcee1b55501b515cfc13bff5c900328bfb68a5f9.png,5a6ko
6c9cd8395d77e0392bced28c00188bd32b340360.png,se1zv
adfa2f11590a3a07c3a928c597edc37ad981e261.png,r9biw
9d7803f0a4e6f9678fe52d94fd80d9d56b4fdb6f.png,jmiom
2ff6c3274f1aa34f8600ed75ed26bfb065bc7bf1.png,yfc3q
985b11addcb7c9ae6bafe04a48cfde5d290cc446.png,8qfku
7976734cabf9d5107f476149145e880c2ff8c5f8.png,1hbz5
509f5d2ece24262cd0e9bf90a6ed85b21b994c9e.png,ki2p2
c999931262cc07461413d9713aecbe5dffb989b5.png,fmi78
6b6e27542dc8e38909022cb52d2cd29bdc0a085a.png,e7a7t
338b86de2452f1e675378a0650f73e898ccaf30d.png,1x7sb
056886decb8f65cb8af43a155916fecc90ae850c.png,z3m13
fb674bd0de2f40a17b5dbeaa1cd5720767d231a4.png,wuxvf
3842c34765fc7245937ea826f352a655221b5b27.png,xxayb
c879b250f311eef5f199241cdec9d960dc4a1335.png,454le
74b7e2d12a12d6566fc63f085c23c2dd216e9a8a.png,wsg8z
6689c4ba3dc9801257374a28cee78147941c1c65.png,rkso0
e04cc42ad1899f3564a1a7b64aeb6b78a4819a7a.png,7eoyh
982b44670c35007f5b24643561d848710e2d9f17.png,21zyv
a1c1caea8be44e930e2fbdc0cc1760131c77a0ee.png,twmrr
e478421d140dccab24f329c5de8d6a21e7dd7c9a.png,tzq8y
39959cd1fa71bbd031a60ae91e26095a619cad55.png,lo5jy
c776b6b7c370320ae39e653078b7f1c75ea3c9b6.png,q8knr
78b89fc3116b91939b36d50b6e84b203c9355e9a.png,zxbr7
1d4b9355091631a445aa8e03b57fe60d55655af3.png,uj3it
ad33088cb6ce5f86115f71e1a852bd251f0f6b7d.png,a1cnn
7e61a539829ab36091a8933237bfc0be6dc06f13.png,6btsy
cb2e6eae40d809d93d77ca5b63a4a9a883e724ff.png,vs99t
07c6d6714d5c311b93242d28f5eda414e15cfcb1.png,ehpus
0fa9a97add116ae86a707b8f332f1fc5019bcbd4.png,omnn9
0bd4d15e2ffff27b31f3d8393f80b9a12151fb6b.png,cmfd3
574425ea06057813167908ac993349af15e247a0.png,m1chr
73da4165af3961d30277dc96ece15371e01cdb66.png,fn7lk
5eae28bf7bf7104ffff84c497c723a00b4f40cd3.png,curb6
b930770754f7d89e8f1f1ef77b0398d9b54a32cd.png,afp6n
e1fa889fd90230f6d64fc93fac152b7f01f192d8.png,4k8c8
3ee7f8087bf81979c7448fab31cfbd3df9861ef7.png,ttn82
a06c1be5937e3a93cc67bbc34b6c46df45b08779.png,5y1yd
eaccc8f08849f2e1968c58989b99b6cb2dfef2f5.png,t0dcx
9e2e3d39a10932c1022819615288e6a446e6e987.png,yuhhr
8d84cf88953c451fafe7de940dc67d57f7e7dc36.png,am5v0
016fa70f1a9a901faab75d5b974a49ce65f83e39.png,iw8bg
ff523b2f6d1d89384200351192f26b92a40db86e.png,yiikw
21d8ac3d2a86bbbd15f04ca86e3c11330175bac6.png,enltk
6bd5f1e3449e1b61c6629dcb4af19a2bb7645784.png,xxf3r
ed39515b96f9aba18b7f0b3b11a58cacdba23b40.png,57roh
caf1ea530033a1355b4a8a0c23a1db69df3d88e1.png,fanyh
c03e4e7cdbba9f9565647c1383006c50b7ba680c.png,6xdrn
474324a125a7ddf28bf4ad5a5d94751439209362.png,13294
dbf235ab0cbdf30eaecc0a1c68f9bf29d1d71a54.png,j6ix3
bd9983f45df53e409153e0c470bee825649d855d.png,79fg5
b07318e7eb7fe52eeeb32fb1595a8d4334112623.png,5hz8x
f8967320e9e96e19ae27ae9b6acaf286b5429cff.png,7zd4z
0791cb20740ce242f199a70c9e7133dfe421d286.png,d7vwu
5065c20c283b0381d3a640b26cf3cee6b22f1819.png,01xh9
8f37b78318b88752f98c2abeb1d9e309ab200255.png,kqmst
e1fad95012708d013c3ed8c29054eca979e14671.png,odjop
00c96de18140cb893c330f73262cc10d5a9ba20b.png,628kf
ba7f317aa2fd27fc236acaa3f9058a46d91cc96e.png,i9pa5
d24dbf52a7414f11f673ce33d37695e2922f0c8e.png,mkr52
082feb65b1bd34e2ee0c95f96ff5413206a5bfb7.png,urjpt
4aa1005823f92f4681ae4e3a5962529a84deac47.png,ggcts
13a598bf4fedfdbe820a2dcb4b0cf51de44fd12c.png,5rvsn
18a1e2f37558392e70a5c2c3ef0cfe47b70451dd.png,2l4tt
d692a57c225a8d579021c3bcc913f63e4a11e8ca.png,pnzhq
6b4a2f57e6111fa2b7ced21fbf7988407662e91f.png,uomx7
1263572ac725b1c754f056aa7aaa33fe937a43fb.png,7uo8d
70ad55d9d832cea9f4f7ccf5230ab9c67ea393e9.png,04ycs
8bf519cdd546c4fa1f5cdc88f5d29de6d9670d68.png,gixkx
92a356f3d96004e643c74a06dbaf44575c89215b.png,ssqai
f01de7a630d2614424a2a8ace7443bd394c620b0.png,ettd5
f92b1aaf79e3c8ad30c8773d7798c72290ceb616.png,ditfj
ded56d2ddf9e81f65632c820ac3415fd04eec79b.png,nf1q2
1ca2a48a3b3ebb73ac928c7c70c0f9e9e9da63f5.png,lkzql
782f94dcadb8c3c4ea904016d4978ec7cec34669.png,1xjzb
653a07e5ed3460a5700b2aef750b4ecf82c3710e.png,zmjs9
bf65805e12c94e80713f4b068d47186413f5af59.png,pq721
8876d252eaf06553267df6ac2d42036e15f71768.png,zg9zh
f683188b472ae7698ee456bc99d5efe0629ab146.png,1azc4
a2d9434cf1ccb65888e9be0835bfde2ae29cdebe.png,2sk8y
779d06daa91a8d11a340bdd0db3e174f131c5d57.png,a8cfc
3693554d4d1c1e888f857b49329dd91d117bdf12.png,0zbly
f0a92f26402e122e09e003f8c25852bda01c2ba8.png,m7htw
d8cb612c6f43ac817dff2a92a6fa58464dfd8ab0.png,xxld4
6bb5025a7fb0de495e0e643193bb5a6cceb4c41c.png,n9aud
3b6ec225999859b99713c23a1e1e5c81486ef679.png,m24mz
8af036c8ec8c90648ca248fcea6745320f8f3f59.png,yh5op
62d48d643c38b1ba4e7b9a5e5976ac149f10f63a.png,59e8r
f3142f6fa6dfcc7da610c98fc81cedb82456cb83.png,taxvk
2e597a43ff19c7c958c146e7b319a773c00048bf.png,2rha0
eb9e51ae2bda209f18ca24071ce444ea9b398b26.png,bdp1q
839ee01bef3b811b9c201b83718bb54f672185bd.png,bhhhl
e63a6ee29da2ea5f9d7bbe3b59060b58d2598888.png,eph5n
3f342f706c160e9a70e81eec0aa7f55ee194379d.png,h6f7h
3c7a5742a349b9a496dc2d50f82a6d9c6ab1cb54.png,o1e9p
140556e8d3062ed9d45d8fcd8110763fa7426c6a.png,hq1sn
9e6015cbc845b61596f6de9cbfadf970c9085dd5.png,c9o4l
04ba59f2838a4438314a1d1ddf1cd6982021e332.png,yzy94
b28784558959f84b40fda12b64c66de0551cf14d.png,wqbes
bab6624568aac976ea59aa27a495d488070c1bce.png,7is0g
1de7059d3584b15ea4ab097689106a7647f9fb27.png,m074w
67a96fb0fbaf5ce5902b5644a654dfcb8bfd404a.png,ejggs
8aea9296389727096a292e8188fe1b1d92ab30b1.png,vdjv6
f44b3ba0081a4803b945a13725ddd13c46b8ed82.png,6qpc4
07f6a2acc62b0dcc10b539e50fa4b7f2da469a11.png,hqjvy
7f1abed80d65399247b61392cadb069097010a9d.png,gr6rj
9c2b5a79215be4d22d889ea442d74d5520d2e37f.png,mvul1
5322931b75838290e856a1fade2023744b66f405.png,g4qji
49df8a29327c46f2c6bf9ea9669504d27def76fb.png,z4xib
9ca968bec49cf4296fcebd948e2c0e4399491723.png,ezrco
a33018e830e7c87ad753ef4196996ab4c74ea5b1.png,umdy2
5059a03cac01c567d878b232bfe95544712c9a26.png,6zfh6
085b99521af382605cc6cb1c3c0a659ea1493e85.png,boh2a
829e983c66d475d8b6aa5331b98556a769a70936.png,13plu
67f0fbfb095aeaadc7266f989ebbf636f23c93fe.png,91sz3
f3db7e5c1dfef8b379c7bd1c4b3a9454cc507556.png,r2ki5
6b2bdac59759d2801381edda72353641b00c1466.png,c99ni
1005126e7aed099483ba0601474e72adf60078b8.png,0c7ed
f7c889fe167435ad3945164c9480cb1c5271a85e.png,2h7js
db4cd1c705dca9c04b0092635b997896bcd63f55.png,40r4j
e5276d3a7487e1175a0fda033f9bc899334f3ce5.png,7a5on
2a40216a542d5c6a986843d03da313a6b73b7fb8.png,dwlse
cbb64edd226d1c4ca8a526d17aa16d3ba0152199.png,rz7bx
1881c02757d511be84a0678ffa703cfa7939175f.png,clevs
83b5e5febccef8ca7f73cfe9e87c89f47e94658a.png,xlwsb
c9a7ca5609c30494d1c9856214f08d6dd508d966.png,rfttt
3eac06c637e425b9c885350c897f4c51fe016873.png,vdogs
2d81ca4bf94937d70510160b82784e1c7d1e5b04.png,hfbk6
61b4afabe0cdd8b8a78fd9499190dc09377b8b65.png,p2rbb
69803a62ec372b04779b9892cf751c32d15fcd65.png,awkqg
a86ac62a7bdc7376bcfad728629e62212e9c3d11.png,xc31z
ae369305138352fb95c658404516732131f5d241.png,lsg02
865343284d0d1e3a0a4c20f31e8580d9949fe7e9.png,2p2ci
119270773521569e44ab921f2bc1178a53a29860.png,znp7g
3da6a747b13073e6a2bea468a4168705e96579aa.png,n78jc
91815a391eb2aaea6cf0946377b289a2dec9ad9f.png,85cch
2fdde4e577e502d29e75f3e6d22e14ebf351a5b3.png,p7rix
7eec5b3035a9d05409fb34791d2062d6c3eddb9a.png,n5fbj
323fd9846816ef2665856e72da577d67203a2b71.png,ail5g
9eb1c7ce9b9cdb1bc43b15b0176b685cf7fd229e.png,ucsg7
69371b37fd229410fe010d6e579039f6daea16bb.png,l89bw
3d911f2b48693b16b880e1df34697a13732e3f3a.png,vp5gg
8bad51ce4cc7996d6fdb082c9e2b1e94f8e83758.png,eymq9
9a22407e2a5512d927b329687daed98dffa68f40.png,vt406
e3dd4eaba05688c30c2c478e5a6ffcd5fb9c157a.png,lt5zv
ae27737aa5e501d12ea7a8078db2e66e53ff0a8c.png,3woo9
bc14f86ae3a5f57e38c6159274ed87c45b88f105.png,t9496
7eb5ebae2563ac84c44cac3d8feb0e4c6359c713.png,dct89
2da3aa64ecdef0b6f80dae69163931205ff2d645.png,p6zca
2b449e7dcbb7271907926967231c53dd8edf07f7.png,gjl98
3c3e8254e7dda9265aa11a7417ec9153c6eba081.png,kjvi6
4bb1a9ccbd7326da0f42f76d41479acdb05e1f05.png,daomz
417f73626896bfd0f0b899ba3032c9122de9b9fd.png,vdm6p
ae16855b0fddfe723dd2eec5f5cc38a7073ce66d.png,vfjl3
d0b76cecb0a1b57cf063ed1264616e9e3ca3a9fb.png,yyobm
45ec40e1d81db4be050404da9a326e6fc608fe84.png,owt5f
a152e2728f226e5b9b28bf600525ad59a87f2e0b.png,1tpdf
e72d67f4db88ec0e62626e701b396b966723dcb1.png,zwg5r
ebd25551bec6264bb622fd1817d8682140c409da.png,rosnv
341c235cf907f63cceead9073a30d0a68f704581.png,vtl7p
821f6e5df140eb6800af2f3d89fd750a59752a95.png,rrgo1
88b477c1a5b9eab7c4072c095d8aa4f3acbab6d5.png,i6oqt
decc76129a0e38314f5b35b5f3749205e9864a91.png,zu11r
0dbf2217d69871abcc3edeb7dec9f0e983bd61bd.png,ta2ob
3a6dcdac071b526068200b64bab2f68df61ed302.png,lalt8
67fdf4bd73b5c4874cd9c4983004e203c7099fa1.png,aoz9f
a6cab9c0abe7be3f1493464a61351e30b4d64c25.png,2lzgh
b32845fed93257cd480f7a13fb5d53e479c4f21c.png,s03xb
1913c368c60666d0a041cd8ccee50189aabaf400.png,1t1mo
f0bc87c9315cd4f071040abae00741b89971d7db.png,1cl28
e0ef010586a453329c7fb2cc1cdbf5bf4639259e.png,39lgw
7cbf000da3d3ad1a8100ca53aed7626e59964e28.png,xzio6
47cec1960c0cfb84a16268679818df4438cf2218.png,by6yz
255bf3bcab7911a8ca58da5eb5fb0663a6cd43d6.png,fjlm3
a63d67eb2e0e9b252ebadb13e76ff5c54f70a1aa.png,jsf0k
7b2e15d9e9ead50638c98abf3f7a4d563607f4ae.png,86rqm
bcafdcb83f3b64b3124d048a1e0bdc0823916e99.png,eq2gn
08db036f952114a25b583ed25a5a1a066877925a.png,qlz3z
906dd5d33fb7f2cb6bfa353addcde335104fab02.png,zr74g
81e9b6258c5b455490af9d0ca78145793e08d99c.png,s5bo1
f433b0201de148d891f33a48743e5e3d7ad72d44.png,3cmqc
f5e1c61e2cdaca0f677becf6b8f4e82b54982c5b.png,c7dq0
265ef69ddb2284a8356345374934db701dae67f9.png,wcmma
d67658322ee02a40286af1dfe00790681176e609.png,vh1oa
8ae45ab79a477bbb2b144949e2c77917437843a6.png,ighcv
13e4be8909a30936f6d154741baf9f56da06d65c.png,ggbs3
194fcf4fe54699f68f0936cbef4f35d2df9bebf6.png,h4bd9
27b43910aabb1528b020d7cb4a6ffabcb4fefa51.png,6rwvk
89181137b202be47e4def6267e8c0c2557b2d133.png,db9bl
2f3a026e3aad814e3cff37306675c0fc1c6353d4.png,ej2wl
20f0113b1e2e93ec8668f15dab8f7a0a2e0bff0b.png,qhhbs
62754ec43e25081d0c2a6e8d9e6279a36719ff26.png,o4lck
f7655c031365c98f62b6764d101318437aa2615d.png,89r1b
8fd329389aad6fad0e5bba4c40f2ae57a0b69057.png,a9h0u
e21616233cb1bd38c0bf44ae8def15b802727c4b.png,rr8zf
e9956a2c676e600a544f5497ea24ebbc78a8e6cf.png,7q640
98738461cfa9d00be6d7c19f9aabc8538583783a.png,f6gdy
2eb6c6af51153cb4e1516f0afaa7f64b495cde78.png,2mqba
9aeb47b9fdb68298d9f14f448600aeb61ef6639b.png,57hdf
404762b2e58c5fb54f6467777443cbd9af224a78.png,zgu8f
b9bfddcda16975aa04e1d8941168675cec5fdb0f.png,rt11y
ea11babeadb98553c48491c3dd4df5fe3990764d.png,bziic
dcaae413d0c1132b51eb5a438c540756bcc2b5f6.png,93lg9
d72b002a1b5b50ac45ebb6da83cc7a020e3bc196.png,fj258
729a30effb2c577f2c5ecffc6642a48b731f8522.png,98ii3
ac319e73c4d31a577b41bf0a730b4df0b2c0339f.png,5fdu8
ddad2a8bfa75bcc7e21650a401b8bcd7e5dd825e.png,f0sdd
582816f0a18b72ff582a7d84f22ec46c04e8c329.png,6qt2z
5b66302e19ec58cf69aa478dbd23a802d093b520.png,iib66
e79e83696beaee32077221374dce9572ae1fa42e.png,4cjx7
bc143bf37de2210465854b7e9f1d0fc19100463b.png,xhkpe
579f9a8c106d9fbc4ca203215a220471c00002be.png,d89na
da09caee02a4daa434c849cc731be0760fff8c2a.png,yrjrq
5bd2f369e74f9eb6d2daf835b2fb382beccb88e5.png,7jkck
9a4f6084466a4bffb7a330c9d4a58fa136bbf26e.png,syd5g
e5ce8bddc5a2cd71e21672572aa35458d3221481.png,seeqs
f2e062f92adf8f0ce379ffcd97029acd0827ed46.png,4qu6w
89901f8fef43e44bc8526fa1d324b644beb108dd.png,ed3yv
af56632260bb5df8f46343bb97a051f76d1c4d60.png,30gkz
eedb59247169038a24130cac4674ddf98997116f.png,zqakw
c224d70b58d6c5e546be278ff16282ad74b18ed2.png,fa8c2
98911d927c4f1d9f2478e10600f476b5f652efa4.png,2lq5r
f1e5c2d9af4084596564246bdf7dfea39702d419.png,ab0kn
169dcf39a27aad1bfc374dc36a2da342cbd1afe0.png,8uy7c
b2fe12d0f4be2a6af6dd0f239a237374732e3cb0.png,pkps2
6200517a464a8845c3d90d1d17c16dad6f98f6b2.png,tmc3n
603595632d5a00e962ab297b9f4b87857f6023d2.png,vwh1m
95a23675b40522631a50f5f7130517a7130b88b7.png,1o60l
9bfce87ac06931774f7116bf25c22b11cef387cc.png,ofnnn
3ed281983ed77791c4874092b6d9709e9d46b46e.png,hrlv3
18cd2da1b77e5692f98a42c6165e1e1ffceafd36.png,a3idr
fdf3b2b813a1108e996a671293204d8a02ae38c0.png,a5pzr
f2db2c9a2a0e1f48f10f07fe3c90468a3aa3bb04.png,jdwc5
13612c6af34e2b52c52657e22ebe44a0496af19c.png,uu10c
ea8df9f49e8c3fa013d4c6ad8d0b5925466c0f21.png,c4sdv
82649ebfc4650a3cca07023cde79e27d7a50f29e.png,90lin
119cfc6e512ee85223f0084cffb1757f84b4a34e.png,xl8lz
04bd1b75f7aa4f9322e28de8b676daeebbfcb6f2.png,4fsgm
397dc51acbaa21c859a81e41c4ee54be29dc3a42.png,ghfk6
b86747f13b8b89915214625b21d8a5470001cfd3.png,5bfy0
27ac2102497ede82aebd21c4ba3f88401d9c4387.png,ls5by
1504250f1787123d35d0c4073931bd56fab777ad.png,8lryl
6e90278b953fd6fb4d0d5af4cc3c4b7bfb214c6d.png,cqcpd
0d001f9e31b72297a2861dd9b45f839de680d328.png,atef4
d328441b4cfd4323469cd93148024d4ec16ddc04.png,l6kr8
df90ef83df68339c28d8e93dade096947b56d597.png,ggxwe
2a349215bc040c30229c9ffca8b3148f7431c35c.png,gcbw5
a2d8e7195150f04960b33a86f4c5682c21d5c9fa.png,hs7ag
9596884528f514c594e4aeb291f8c1a9ef12c4ca.png,a4ik2
c664fbdb1ccbcc17f5faf9ae481b368812c52a23.png,x8d3x
c9ed1fe9bf09fd142d827ddfa9d7874f3bc4753c.png,hn6p4
6a0c2e48d65f7a15eba8aaf829f1749f0568c4b7.png,eehxl
92e951029c2512e6eab145cd0083b1b6926a750a.png,vq4dh
6ff4fbc4c573f78cc9f9d917593935499a8cef25.png,aq222
b847605a8625519886e1e5ce6db45618e2b823e8.png,vvvd1
45d18583e6918ec3b5fd37475058d79b6a00b27e.png,hu772
e34a4b4fd69b4fec1641651191a1e15230edef6e.png,eyrhz
a14bd8ca13a2355ff8a279caae456a887a6fc2c8.png,gk7it
c5064dd62fd6130194b306c4996ed6f663dea593.png,c649s
8d7e88e5d0cc3f057a15eaf56f3f679bc3e89edd.png,g5nhv
7c9d4531c50db7e63531172214771c8c9e3893f2.png,0i720
7fb3e3872e398397e3b137b160b003bc5d3a3a19.png,n440c
a396b101c8722d231281c47df4320e4aa6662293.png,ktitv
3448b74b17760ccb6cd4e0981ada56370b65c788.png,pinil
f417b4206edc44cf892d52f4eed6ee58ea1b4f70.png,bksmu
78cbe362185255bb457cc2e7e5529156627d7dee.png,joo8w
40d75f158875889a0b778a0cfa790da957b00b0f.png,cfv5m
6e4f25f37ccc556211c28d844ef6365edbbfa55d.png,vepo3
a8406555ae9fe335fe5a53e9493ccb74ef20139c.png,c91uo
45f93b28ff797d20678a7190f334bc2f085ac46c.png,1xu4e
46850a1e18bbdd8f538f4632d7e108282157197e.png,xau41
a0dfbfc4107ceaeca24f5871a25ca580a2179fd3.png,10ev7
a61523f5b0b61a22cb6e58f975a71e5fe3cae1e3.png,bvfni
ca33637f15922d70a2b2b2a79d8eadcc4498ed9d.png,qfnr4
b491852a0f9e69824dca9ebe92831a70819caf6a.png,uv137
645b319d48a7d9d92eec5d111191f77cf677fbd6.png,snyyj
ebd4cc018a6ccbefdc8a0b1fe77505418ef20a91.png,1iwa8
0997106a626ab711024c750ee9e8ad095f3ead54.png,25o2v
72690d787cd7f7fbf8409ba7d84199c694e8d3ed.png,f9xe2
ea66efed3c605fd755dd3a9d68b4d29aa4334eca.png,sfph2
01f71dac6830cb5038175d0163956e9580d8b8a7.png,v59xp
080a04b18b43eb35f4ddaa248d675fdd7ae8faaf.png,qlmp9
928f2c8cb532c4eed6a40e9f0a4edeeaf556d96b.png,2vfy0
84aee469e49bb107b55ff855bd03496b52e68073.png,2c4wq
5d499fb964017da950881bbe1f946748e4a1d0f2.png,hu49e
a9f20b4d453e0321e242a09f0b4dc22461539fc1.png,n5cw0
ce36ff63618eab9da68f4183bf9f1f30666c6972.png,r1uz2
778ff9bef193589c50034d02fab50cd32cdfac21.png,z88el
e09892c1aed85298b4630635c027427995bbf091.png,6lqnb
07546d81f63c1b6e602d4e0755d1b27418074826.png,r1isc
df3ec3ee202b3ee9ba783de1e3262ae579abfbef.png,3589s
6a2b113a06e90ce31bfa0bdf4701b9c7c3e86ec3.png,0srkv
e765329fe00e0a25a750b653d740daed6c229347.png,e5wx5
8e2c196dda8a9a8391a5dde09727c1dfb06ad101.png,e3w18
5b00c07dd47bf70de69bf3b78e8de32552579d62.png,k5bro
09634468e004fcb3dc2e7cf69078838dc974f678.png,3037u
232c8a8714c05496d1754bea74512cfcfc112a5f.png,mxoj7
674a63dff6050ab76aedfb839c2773e388bc429f.png,4jv6p
1a647c6e0fc5bc9af488689e75118c4a093d81a6.png,nqrlf
131041b2d95b16509c6f37371601742b4d497ecd.png,ki4wa
ac630847c8eba4bc76ceb8f9cc10812f78592c1d.png,1hcwa
98ab269ee4ad91b684cd151330e6d38c809bd7c4.png,bxrqu
ab906b85f263b7f27b2a0f5b92c505a6b8ea3206.png,7dypo
72aa6241b907d1436304d7d76c72d67bffc2ce69.png,48h40
a07fa916ac8b959fcee3fd94b9573ce6f21f69de.png,95sr3
23057147e92f1bf550e9964ae3ae27042d80b7f3.png,8u6qf
0960bc833ad1ed7a36e9a17334abc2db31c3af64.png,w9myo
8bcc3d1306303b3a464ccd925d8672ef0cbaa812.png,33r1l
dcee089234203888e80dfaf0ca7b97f45718595c.png,o7dc3
8814446d6eb7cd522065ece9566a610f31c17a6e.png,8ilb8
d004691e1ec5543369b47040b2780be8a61bad13.png,f4ury
cf217d40134d0fcab39b8e6cf54c662ef6bd73cf.png,f93dq
b4d4811c922fdc74573869957cfe89027fd85e0b.png,oxl77
85e1d1aaed316179e8e95e6b1b09d47ba138da5b.png,t4fis
74d65777fc773d45e3d93b9b17af7daa9957861e.png,td68i
87df9498bfdf3f899fe274eea16feb4fb02b3f57.png,dfokl
84833d79b216bf2b580db6e7ba7f005ba5f8e8c1.png,1k6xs
4fb5fd35cade7eeafbe14b39abe4b2513472f644.png,86cfv
c424f808988a9bce8461b6d3398c6a8c11895177.png,oiaxr
e49f15ab81c861efd108fca3b4a5344576ddadd4.png,6y5iz
ad7f68979f3a453856fc482840c60d5fb94f85dc.png,q0k82
606669c48a19593f0af707112df60174abb2b455.png,5wf7j
d4bb4a7aed713d62b7b7644278366295dfab4667.png,eqtz3
d9b7f795bf244c126b5f032417edb3c60dc31eb2.png,econ8
7be8ead6413cd51b0a5b0b44760d1e392d3e1908.png,s3hei
5abfc7f07fcdaab93b730b92f336a469ba9fa001.png,h2oau
0591da26acf5d8164f30742fd146c7245b67f77c.png,fiz8s
7508402364dea572f0b0d782a78ce7677a8c47d5.png,535c9
48c3d1c9d060a2340c26036fda6b622d45b18304.png,czjy9
6dc2f242470be6adde63a70a5989aff284563367.png,1kh49
a9a20b96b804abb4b0e5e5e381fe4e4712f6b2db.png,81frq
08701ca1cd650abc88dd70d46a48a5cb818178b0.png,6btcc
d3b56c33ce5a91b344711eb98a7f3d13bcb40c21.png,swv7u
b21c9f8722251de5c23439d27da43e4a7a7f4033.png,uuokf
4704118ca7db67f0ae9decd2679930e46a59ee74.png,ucnds
45bd7bb571829d74ccdf1eb4d8e988a9c5911844.png,r96il
238d7147817e394792e56518ee0d2d0ad654d768.png,0u8o7
5d8419423a1f5033a3cfe6ed935ca1448681424a.png,t9pud
60b3e9aa69ca9b49d6b5f36415d7adab7169985e.png,gz6q4
bfea9f095ea0f76d85ddd9e33cca348f42a366f0.png,ax573
e7cf76bd4ce6f78f37e536d325183101f7ecb897.png,cdc6e
951c82072894408e8823db0bd0d7905ac37afa38.png,vn1fg
9d0e580d39e462e3ab87783c2cccf62c5487ffe3.png,cu88d
3cf0506198c6aac9680431e2f12914365754c922.png,zyssm
0ab214b7e253d8bacfa9254aee050b75a0752a3e.png,r5uwb
9d4654a43cbb284a28bee41a9cee8d671fd6e5ed.png,jvvv8
ff18aa723fe4c745ea2a5371d3a889e21db37f64.png,5fqc9
9acea6efab349ecbb624ca5dccdd07edc98b8386.png,wxjlb
8aa65ea21fe1af6447171af972a4f893911e446e.png,qbbtn
02e9e1c1e839dfce0b9986c3859b28555c1248a7.png,12sfo
41cb196f8c69fa14f3f46c94d848e1740d519f2f.png,mul4n
4425565d4ae043b9e182d6e44ff40ba32dcc437e.png,tpyug
5141f762b05690c288b519fa07916ae068047997.png,l45sb
337b881d43aea4fb725eeff38cfcbdaee9ca83eb.png,1wr33
7fbf9d8c91405f13acab8ded55336d3382431835.png,467uh
9bcf0fe2315cc7f7a6b5bdb2431a4ec98373b7dc.png,dxmky
e8010dc63247e72f2644a03cc497fe59e1208df6.png,9638u
55fbb6ee19024dfffd921038c49a56006c4011be.png,9smcb
f94b51f8af86021d2110117f4ffe3cd6c9555806.png,fxqyi
71c1693474bdf04594db240236f11d0c869443e3.png,tkgir
7f85804cba6ef73d27fe099ac57ca72a80ff340d.png,3y3eh
92c260110bae08edaab0e64cc21e8f0616087fe1.png,t0gdm
60ef4ad19584a277f250813e0d6155ec0fa09d0d.png,qbz13
ca2937d2b2963f0553adcfc3e9f21c3115be6174.png,bmffz
955a89508996e008197e4e387a70e59f614de5c1.png,qtgvr
5b1561b83d7a8bccce5a20795349b6383617638f.png,411z3
c772a66f129f4c1cd15c664575fb09b0ca6d59db.png,4kdky
e1e5567f94087fd8507864c37582ce22324ec48b.png,a3q0f
835d3d9e5ee44a7191ca7650878410f92094dba4.png,sbmq2
4a9eba8b60e9235b756d2b3310e9c6ad87562a01.png,975ct
34dbbb68375cdc2bdc005dc31442ce9c42afe56a.png,rqrav
a45549795d5c99a1c6323ed97990a3237bf45cd8.png,uuljf
69c5d77a84de7e8674c02abeac65f66e443e4025.png,rpxt4
39555123690223a4411f8aa6d06bb5e2c2edd7a7.png,elbsx
bda860e42f2ab9d745bd99f33ad15762390b6154.png,5zub2
66ea46c2ef0544d9a8695b11e5ad0a392bc9830a.png,c71oq
8fc0db4a431e5a21908667ffa158abf43d7d9b6c.png,3fg1m
07d2ff7e8db992758378af942bccedc31ecf5a51.png,l7o20
c578f7f6ec0db593f8ae1d27f4dadcce53af4bb1.png,t0e0m
f636d4847793d6bc2f40e766fbb23acef0edbff4.png,bzr3a
fce44161559dfca6f6d4271e6566f6cce5dbc65e.png,gonrh
9f1756e40a35429e23b972c452cc33d808aff4c9.png,9gl6b
911650bcea33395a6481f85c747ba8322587ea32.png,h72j1
fa13622464d1290c7480f3f35b7e4619e2fe3de0.png,uiz4h
0dcc971d68aba16e48aa0eef9a2b4d7fd6eb236a.png,8hxpi
06eafcd3bf6c43d58ef4a2fca580861df8a9909b.png,rss21
75a673ca7bad9b4b31221ff41b6f09b8561f5c82.png,glbuu
2b612ad9743acda3ddd6ccdbca85b6e5751c4fc4.png,a2i3w
26e794ac674a15995e82f3122f54673f3454976f.png,pucox
2e4954b1cc0a7bf662527589a69e6c1d8197be3d.png,rmwdl
da5ee6c636e9506b674e54a4337dcaccdc8097ff.png,4fv49
8b968686ad708cb4b772fec0b7f0f6fbcfa39878.png,zrche
23163c64b1e385a48e0558e96cd05d2165ce4963.png,xcfv3
a1eb6ade4aeed3b88af00ce53941708dc236ed68.png,vr311
5173dadc86871f5bcc298efaa37523d890f97d78.png,ba23h
a22e5aba412ca9f63772b05c0fd5265cadf15b33.png,2p5re
ebe2e9b7511c242f703d2f19bc22bc5ce5220051.png,qxlzd
09af1ed09a601c7042d58a9361f65e53d9c945bf.png,cmn5z
e3bc3362781dc43227e0307bb4c467a1101de9c4.png,p7ifb
92ef4687903533e92f4b79aa37374c00f3716dfa.png,wz66g
cc480122839bd43e50bd5d75043a53e1d916419e.png,9ze66
d50d4435aba6a8381f25061f15aa49550468f2e2.png,e4f0w
297d484a476c4008eae5841a751784131348a31c.png,hi6pq
c981201b65ed4fa31d5a3aee86e197632ae2988c.png,0zb8i
bd3c72a0e3cdadf86460081cd0ae7787da7aae0b.png,a3joo
f17ff8550fdb8b67efc25d4e18bc9c8d191f5641.png,tk4gb
d4e41adb6f75a5d8267b595b779aba3a7542af01.png,gsasv
389184bd30714a24432779fce9144e2d6f6d8e69.png,2b7ji
7ca0fdaac0f69849bc82ec4fa72eee323bcf3dbb.png,7ra4f
415d2a8b286716cd9216a8e01ffb5fac5a749cdb.png,lfj3s
c46c462d29d99c7f60a32fe42ed283be56acd709.png,oe18z
7870bdadc1fdd8aed6bd1e2834a0f8957d3cb2c7.png,rtpol
9b370d04cd217bdeafa0f606ee1493e85c8bca17.png,luxvn
1ad1550dbe363bfb76a4e9bc6ee1dd534df06cc6.png,osobg
3fa15315e5c3ef503cfeb039f05020b5cc694bbc.png,rcckw
30cf188faa15e23421260f5ccf8e33eee113df78.png,tooii
8d8d7e8a215f9ba65773d4936fb8bc8f07051b44.png,7ddx7
bfbd22d3a6cea95eb9d3618f705c480206ff9d46.png,elwsi
bf32727c336ba094e182bfd71f8ce6c418df910f.png,6z4j4
2926727f104402b314c186f559c546fdf792fbc6.png,ek3rf
55244adaf829ea55e36033a1e43d3951289804c3.png,lpvt2
4c4b21d2992fdaa0ec35fd4dc9a9b33eab806e06.png,vilcf
e9d379628e8d0cbd80cc5639da5a0fb1b9c10c42.png,q6nvh
32edea64dfb08657728ed873abb2ab4106beaf78.png,n4c9l
